Discipline, Humanities
Branch, Arts
Subject, Performing arts
Field, Music 
Focus, Accompanying
Focus, Chamber music
Focus, Church music
Focus, Conducting
Niche, Choral conducting
Niche, Orchestral conducting
Niche, Wind ensemble conducting
Focus, Early music
Focus, Jazz studies 
Focus, Musical composition
Focus, Music education
Focus, Music history
Focus, Musicology
Niche, Historical musicology
Niche, Systematic musicology
Focus, Ethnomusicology
Focus, Music theory
Focus, Orchestral studies
Focus, Organology
Niche, Organ and historical keyboards
Niche, Piano
Niche, Strings harp oud and guitar 
Niche, Singing
Niche, Woodwinds brass and percussion
Focus, Recording
Field, Dance 
Focus, Choreography
Focus, Dance notation
Focus, Ethnochoreology
Focus, History of dance
Field, Television 
Focus, Television studies
Field, Theatre 
Focus, Acting
Focus, Directing
Focus, Dramaturgy
Focus, History
Focus, Musical theatre
Focus, Playwrighting
Focus, Puppetry
Focus, Scenography
Focus, Stage design
Focus, Ventriloquism
Field, Film 
Focus, Animation
Focus, Film criticism
Focus, Filmmaking
Focus, Film theory
Focus, Live action
Subject, Visual arts
Field, Fine arts
Focus, Graphic arts
Niche, Drawing 
Niche, Painting 
Niche, Photography 
Focus, Sculpture 
Field, Applied arts
Focus, Animation
Focus, Calligraphy
Focus, Decorative arts
Focus, Mixed media
Focus, Printmaking
Focus, Studio art
Focus, Architecture
Niche, Interior architecture
Niche, Landscape architecture
Niche, Landscape design
Niche, Landscape planning
Niche, Architectural analytics
Niche, Historic preservation
Niche, Interior design
Niche, Technical drawing
Field, Fashion
Subject, History
Field, African history
Field, American history
Field, Ancient history
Focus, Ancient Egypt
Focus, Carthage
Focus, Ancient Greek history 
Focus, Ancient Roman history 
Focus, Assyrian Civilization
Focus, Bronze Age Civilizations
Focus, Biblical history
Focus, History of the Indus Valley Civilization
Focus, Preclassic Maya
Focus, History of Mesopotamia
Focus, The Stone Age
Focus, History of the Yangtze civilization
Focus, History of the Yellow River civillization
Field, Asian history
Focus, Chinese history
Focus, Indian history 
Focus, Indonesian history
Focus, Iranian history
Field, Australian history
Field, Ecclesiastical history of the Catholic Church
Field, Economic history
Field, Environmental history
Field, European history
Field, Intellectual history
Field, Jewish history
Field, Latin American history
Field, Modern history
Field, History of philosophy
Focus, Ancient philosophy
Focus, Contemporary philosophy
Focus, Medieval philosophy
Niche, Humanism 
Niche, Scholasticism
Focus, Modern philosophy
Field, Political history
Field, Pre-Columbian era
Field, Russian history
Field, History of culture
Field, Scientific history
Field, Technological history
Field, World history
Field, Public history
Subject, Home economics
Field, Cooking
Field, Cleaning
Field, Clothing
Field, Family studies
Field, Finance
Field, Gardening
Field, Health
Field, Nutrition
Subject, Languages and literature
Field, Linguistics
Focus, Applied linguistics
Focus, Composition studies
Focus, Computational linguistics
Focus, Discourse analysis
Focus, English studies
Focus, Etymology
Focus, Grammar
Focus, Historical linguistics
Focus, History of linguistics
Focus, Interlinguistics
Focus, Lexicology
Focus, Linguistic typology
Focus, Linguistic morphology
Focus, Natural language processing
Focus, Philology
Focus, Phonetics
Focus, Phonology
Focus, Pragmatics
Focus, Psycholinguistics
Focus, Rhetoric
Focus, Semantics
Focus, Semiotics 
Focus, Sociolinguistics
Focus, Syntax
Focus, Usage
Focus, Word usage
Field, Comparative literature
Field, Creative writing
Focus, Fiction 
Focus, Non-fiction
Field, English literature
Field, History of literature
Focus, Medieval literature
Focus, Post-colonial literature
Focus, Post-modern literature
Field, Literary theory
Focus, Critical theory 
Focus, Literary criticism
Focus, Poetics
Field, Poetry
Field, World literature
Focus, African-American literature
Focus, American literature
Focus, British literature
Subject, Law
Field, Administrative law
Field, Canon law
Field, Civil law
Focus, Admiralty law
Focus, Animal law/Animal rights
Focus, Civil procedure
Focus, Common law
Focus, Contract law
Focus, Corporations
Focus, Environmental law
Focus, Family law
Focus, Federal law
Focus, International law
Niche, Public international law
Niche, Supranational law
Focus, Labor law
Focus, Property law
Focus, Tax law
Focus, Tort law 
Field, Comparative law
Field, Competition law
Field, Constitutional law
Field, Criminal law
Focus, Criminal justice 
Focus, Criminal procedure
Niche, Forensic science 
Niche, Police science
Field, Islamic law
Field, Jewish law 
Field, Jurisprudence
Field, Legal management
Focus, Commercial law
Focus, Corporate law
Field, Procedural law
Field, Substantive law
Subject, Philosophy
Field, Aesthetics 
Field, Applied philosophy
Focus, Philosophy of economics
Focus, Philosophy of education
Focus, Philosophy of engineering
Focus, Philosophy of history
Focus, Philosophy of language
Focus, Philosophy of law
Focus, Philosophy of mathematics
Focus, Philosophy of music
Focus, Philosophy of psychology
Focus, Philosophy of religion
Focus, Philosophy of physical sciences
Niche, Philosophy of biology
Niche, Philosophy of chemistry
Niche, Philosophy of physics
Focus, Philosophy of social science
Focus, Philosophy of technology
Focus, Systems philosophy
Field, Epistemology 
Focus, Justification
Focus, Reasoning errors
Field, Ethics 
Focus, Applied ethics
Niche, Animal rights
Niche, Bioethics
Niche, Environmental ethics
Focus, Meta-ethics
Focus, Moral psychology
Focus, Descriptive ethics
Focus, Value theory
Focus, Normative ethics
Niche, Virtue ethics
Field, Logic 
Focus, Mathematical logic
Focus, Philosophical logic
Field, Meta-philosophy
Field, Metaphysics 
Focus, Philosophy of Action
Focus, Determinism and Free will
Focus, Ontology
Focus, Philosophy of mind
Niche, Philosophy of pain
Niche, Philosophy of artificial intelligence
Niche, Philosophy of perception
Focus, Philosophy of space and time
Focus, Teleology
Focus, Theism and Atheism
Field, Philosophical traditions and schools
Focus, African philosophy
Focus, Analytic philosophy
Focus, Aristotelianism
Focus, Continental philosophy
Focus, Eastern philosophy
Focus, Feminist philosophy
Focus, Platonism
Field, Social philosophy and political philosophy
Focus, Anarchism 
Focus, Feminist philosophy
Focus, Libertarianism 
Focus, Marxism
Subject, Theology
Field, Biblical studies
Field, Religious studies
Field, Biblical Hebrew
Focus, Biblical Greek
Focus, Aramaic
Field, Buddhist theology
Field, Christian theology
Focus, Anglican theology
Focus, Baptist theology
Focus, Catholic theology
Focus, Eastern Orthodox theology
Focus, Protestant theology
Field, Hindu theology
Field, Jewish theology
Field, Muslim theology
Discipline, Social Sciences
Branch, Anthropology
Subject, Biological anthropology
Subject, Linguistic anthropology
Subject, Cultural anthropology
Subject, Social anthropology
Branch, Archaeology
Branch, Economics
Subject, Agricultural economics
Subject, Anarchist economics
Subject, Applied economics
Subject, Behavioural economics
Subject, Bioeconomics
Subject, Complexity economics
Subject, Computational economics
Subject, Consumer economics
Subject, Development economics
Subject, Ecological economics
Subject, Econometrics
Subject, Economic geography
Subject, Economic sociology
Subject, Economic systems
Subject, Education economics
Subject, Energy economics
Subject, Entrepreneurial economics
Subject, Environmental economics
Subject, Evolutionary economics
Subject, Experimental economics
Subject, Feminist economics
Subject, Financial econometrics
Subject, Financial economics
Subject, Green economics
Subject, Growth economics
Subject, Human development theory
Subject, Industrial organization
Subject, Information economics
Subject, Institutional economics
Subject, International economics
Subject, Islamic economics
Subject, Labor economics
Subject, Law and economics
Subject, Macroeconomics
Subject, Managerial economics
Subject, Marxian economics
Subject, Mathematical economics
Subject, Microeconomics
Subject, Monetary economics
Subject, Neuroeconomics
Subject, Participatory economics
Subject, Political economy
Subject, Public economics
Subject, Public finance
Subject, Real estate economics
Subject, Resource economics
Subject, Social choice theory
Subject, Socialist economics
Subject, Socioeconomics
Subject, Transport economics
Subject, Welfare economics
Branch, Geography
Subject, Physical geography
Field, Atmology
Field, Biogeography
Field, Climatology
Field, Coastal geography
Field, Emergency management
Field, Environmental geography
Field, Geobiology
Field, Geochemistry
Field, Geology
Field, Geomatics
Field, Geomorphology
Field, Geophysics
Field, Glaciology
Field, Hydrology
Field, Landscape ecology
Field, Lithology
Field, Meteorology
Field, Mineralogy
Field, Oceanography
Field, Palaeogeography
Field, Palaeontology
Field, Petrology
Field, Quaternary science
Field, Soil geography
Subject, Human geography
Field, Behavioural geography
Field, Cognitive geography
Field, Cultural geography
Field, Development geography
Field, Economic geography
Field, Health geography
Field, Historical geography
Field, Language geography
Field, Marketing geography
Field, Military geography
Field, Political geography
Field, Population geography
Field, Religion geography
Field, Social geography
Field, Strategic geography
Field, Time geography
Field, Tourism geography
Field, Transport geography
Field, Urban geography
Subject, Integrated geography
Subject, Cartography
Field, Celestial cartography
Field, Planetary cartography
Field, Topography
Branch, Political science
Subject, American politics
Subject, Canadian politics
Subject, Civics
Subject, Comparative politics
Subject, European studies
Subject, Geopolitics
Subject, International relations
Subject, International organizations
Subject, Nationalism studies
Subject, Peace and conflict studies
Subject, Policy studies
Subject, Political behavior
Subject, Political culture
Subject, Political economy
Subject, Political history
Subject, Political philosophy
Subject, Public administration
Subject, Public law
Subject, Psephology
Subject, Social choice theory
Branch, Psychology
Subject, Abnormal psychology
Subject, Applied psychology
Subject, Biological psychology
Subject, Clinical neuropsychology
Subject, Clinical psychology
Subject, Cognitive psychology
Subject, Community psychology
Subject, Comparative psychology
Subject, Conservation psychology
Subject, Consumer psychology
Subject, Counseling psychology
Subject, Criminal psychology
Subject, Cultural psychology
Field, Asian psychology
Field, Black psychology
Subject, Developmental psychology
Subject, Differential psychology
Subject, Ecological psychology
Subject, Educational psychology
Subject, Environmental psychology
Subject, Evolutionary psychology
Subject, Experimental psychology
Subject, Group psychology
Subject, Family psychology
Subject, Feminine psychology
Subject, Forensic developmental psychology
Subject, Forensic psychology
Subject, Health psychology
Subject, Humanistic psychology
Subject, Indigenous psychology
Subject, Legal psychology
Subject, Mathematical psychology
Subject, Media psychology
Subject, Medical psychology
Subject, Military psychology
Subject, Moral psychology
Subject, Descriptive ethics
Subject, Music psychology
Subject, Neuropsychology
Subject, Occupational health psychology
Subject, Occupational psychology
Subject, Organizational psychology
Subject, Parapsychology 
Subject, Pediatric psychology
Subject, Pedology
Subject, Personality psychology
Subject, Phenomenology
Subject, Political psychology
Subject, Positive psychology
Subject, Psychoanalysis
Subject, Psychobiology
Subject, Psychology of religion
Subject, Psychometrics
Subject, Psychopathology
Field, Child psychopathology
Subject, Psychophysics
Subject, Quantitative psychology
Subject, Rehabilitation psychology
Subject, School psychology
Subject, Social psychology
Subject, Sport psychology
Subject, Traffic psychology
Subject, Transpersonal psychology
Branch, Sociology
Subject, Analytical sociology
Subject, Applied sociology
Field, Leisure studies
Field, Political sociology
Field, Public sociology
Field, Social engineering
Subject, Architectural sociology
Subject, Area studies
Field, African studies
Field, American studies
Focus, Appalachian studies
Focus, Canadian studies
Focus, Latin American studies
Field, Asian studies
Focus, Central Asian studies
Focus, East Asian studies
Focus, Indology
Focus, Iranian studies
Focus, Japanese studies
Focus, Korean studies
Focus, Pakistan studies
Focus, Sindhology
Focus, Sinology 
Focus, Southeast Asian studies
Focus, Thai studies
Field, Australian studies
Field, European studies
Focus, Celtic studies
Focus, German studies
Focus, Sociology in Poland
Focus, Scandinavian studies
Focus, Slavic studies
Field, Middle Eastern studies
Focus, Arab studies
Focus, Assyriology
Focus, Egyptology
Focus, Jewish studies
Subject, Behavioral sociology
Subject, Collective behavior
Field, Social movements
Subject, Community informatics
Field, Social network analysis
Subject, Comparative sociology
Subject, Conflict theory
Subject, Criminology
Subject, Criminal justice 
Subject, Critical management studies
Subject, Critical sociology
Subject, Cultural sociology
Subject, Cultural studies
Field, Africana studies
Field, Cross-cultural studies
Field, Culturology
Field, Deaf studies
Field, Ethnology
Field, Utopian studies
Field, Whiteness studies
Subject, Demography/Population
Subject, Digital sociology
Subject, Dramaturgical sociology
Subject, Economic sociology
Subject, Educational sociology
Subject, Empirical sociology
Subject, Environmental sociology
Subject, Evolutionary sociology
Subject, Feminist sociology
Subject, Figurational sociology
Subject, Futures studies 
Subject, Gender studies
Field, Men's studies
Field, Women's studies
Subject, Historical sociology
Subject, Human ecology
Subject, Humanistic sociology
Subject, Industrial sociology
Subject, Interactionism
Subject, Interpretive sociology
Field, Ethnomethodology
Field, Phenomenology
Field, Social constructionism
Field, Symbolic interactionism
Subject, Jealousy sociology
Subject, Macrosociology
Subject, Marxist sociology
Subject, Mathematical sociology
Subject, Medical sociology
Subject, Mesosociology
Subject, Microsociology
Subject, Military sociology
Subject, Natural resource sociology
Subject, Organizational studies
Subject, Phenomenological sociology
Subject, Policy sociology
Subject, Psychoanalytic sociology
Subject, Science studies/Science and technology studies
Subject, Sexology
Field, Heterosexism
Field, Human sexual behavior
Field, Human sexuality 
Field, Queer studies/Queer theory
Field, Sex education
Subject, Social capital
Subject, Social change
Subject, Social conflict theory
Subject, Social control
Field, Pure sociology
Subject, Social economy
Subject, Social philosophy
Subject, Social policy
Subject, Social psychology
Subject, Social stratification
Subject, Social theory
Subject, Social transformation
Field, Computational sociology
Field, Socioeconomics
Focus, Economic development
Focus, Social development
Subject, Sociobiology
Subject, Sociocybernetics
Subject, Sociolinguistics
Subject, Sociology of aging
Subject, Sociology of agriculture
Subject, Sociology of art
Subject, Sociology of autism
Subject, Sociology of childhood
Subject, Sociology of conflict
Subject, Sociology of culture
Subject, Sociology of cyberspace
Subject, Sociology of development
Subject, Sociology of deviance
Subject, Sociology of disaster
Subject, Sociology of education
Subject, Sociology of emotions
Subject, Sociology of fatherhood
Subject, Sociology of finance
Subject, Sociology of food
Subject, Sociology of gender
Subject, Sociology of generations
Subject, Sociology of globalization
Subject, Sociology of government
Subject, Sociology of health and illness
Subject, Sociology of human consciousness
Subject, Sociology of immigration
Subject, Sociology of knowledge
Subject, Sociology of language
Subject, Sociology of law
Subject, Sociology of leisure
Subject, Sociology of literature
Subject, Sociology of markets
Subject, Sociology of marriage
Subject, Sociology of motherhood
Subject, Sociology of music
Subject, Sociology of natural resources
Subject, Sociology of organizations
Subject, Sociology of social conflict
Subject, Sociology of punishment
Subject, Sociology of race and ethnic relations
Subject, Sociology of religion
Subject, Sociology of risk
Subject, Sociology of science
Subject, Sociology of scientific knowledge
Subject, Sociology of social change
Subject, Sociology of social movements
Subject, Sociology of space
Subject, Sociology of sport
Subject, Sociology of technology
Subject, Sociology of terrorism
Subject, Sociology of the body
Subject, Sociology of the family
Subject, Sociology of the history of science
Subject, Sociology of the Internet
Subject, Sociology of work
Subject, Sociomusicology
Subject, Structural sociology
Subject, Theoretical sociology
Subject, Urban studies or Urban sociology/Rural sociology
Subject, Victimology
Subject, Visual sociology
Branch, Social Work
Subject, Clinical Social Work
Subject, Community practice
Subject, Mental health
Subject, Psychosocial rehabilitation
Subject, Person-centered therapy
Subject, Family therapy
Subject, Financial social work
Discipline, Natural Sciences
Branch, Biology
Subject, Aerobiology
Subject, Anatomy
Field, Comparative anatomy
Field, Human anatomy 
Subject, Biochemistry 
Subject, Bioinformatics
Subject, Biophysics 
Subject, Biotechnology 
Subject, Botany 
Field, Ethnobotany
Field, Phycology
Subject, Cell biology 
Subject, Chronobiology
Subject, Computational biology
Subject, Cryobiology
Subject, Developmental biology
Field, Embryology
Field, Teratology
Subject, Ecology 
Field, Agroecology
Field, Ethnoecology
Field, Human ecology
Field, Landscape ecology
Subject, Endocrinology
Subject, Evolutionary biology
Subject, Genetics 
Field, Behavioural genetics
Field, Molecular genetics
Field, Population genetics
Subject, Histology
Subject, Human biology
Subject, Immunology 
Subject, Limnology
Subject, Linnaean taxonomy
Subject, Marine biology
Subject, Mathematical biology
Subject, Microbiology
Subject, Molecular biology
Subject, Mycology
Subject, Neuroscience 
Field, Behavioral neuroscience
Subject, Nutrition 
Subject, Paleobiology
Field, Paleontology
Subject, Parasitology
Subject, Pathology
Field, Anatomical pathology
Field, Clinical pathology
Field, Dermatopathology
Field, Forensic pathology
Field, Hematopathology
Field, Histopathology
Field, Molecular pathology
Field, Surgical pathology
Subject, Physiology
Field, Human physiology
Focus, Exercise physiology
Subject, Structural Biology
Subject, Systematics (Taxonomy)
Subject, Systems biology
Subject, Virology
Field, Molecular virology
Subject, Xenobiology
Subject, Zoology 
Field, Animal communications
Field, Apiology
Field, Arachnology
Field, Carcinology
Field, Cetology
Field, Entomology
Focus, Forensic entomology
Field, Ethnozoology
Field, Ethology
Field, Helminthology
Field, Herpetology
Field, Ichthyology 
Field, Mammalogy
Field, Malacology
Focus, Conchology
Field, Myrmecology 
Field, Nematology
Field, Neuroethology
Field, Oology
Field, Ornithology 
Field, Planktology
Field, Primatology
Field, Zootomy
Field, Zoosemiotics
Branch, Chemistry
Subject, Agrochemistry
Subject, Analytical chemistry
Subject, Astrochemistry
Subject, Atmospheric chemistry
Subject, Biochemistry 
Subject, Chemical biology
Subject, Chemical engineering 
Subject, Cheminformatics
Subject, Computational chemistry
Subject, Cosmochemistry
Subject, Electrochemistry
Subject, Environmental chemistry
Subject, Femtochemistry
Subject, Flavor
Subject, Flow chemistry
Subject, Geochemistry
Subject, Green chemistry
Subject, Histochemistry
Subject, Hydrogenation
Subject, Immunochemistry
Subject, Inorganic chemistry
Subject, Marine chemistry
Subject, Mathematical chemistry
Subject, Mechanochemistry
Subject, Medicinal chemistry
Subject, Molecular biology
Subject, Molecular mechanics
Subject, Nanotechnology
Subject, Natural product chemistry
Subject, Neurochemistry
Subject, Oenology
Subject, Organic chemistry 
Subject, Organometallic chemistry
Subject, Petrochemistry
Subject, Pharmacology
Subject, Photochemistry
Subject, Physical chemistry
Subject, Physical organic chemistry
Subject, Phytochemistry
Subject, Polymer chemistry
Subject, Quantum chemistry
Subject, Radiochemistry
Subject, Solid-state chemistry
Subject, Sonochemistry
Subject, Supramolecular chemistry
Subject, Surface chemistry
Subject, Synthetic chemistry
Subject, Theoretical chemistry
Subject, Thermochemistry
Branch, Earth science
Subject, Edaphology
Subject, Environmental chemistry
Subject, Environmental science
Subject, Gemology
Subject, Geochemistry
Subject, Geodesy
Subject, Physical geography 
Field, Atmospheric science
Field, Meteorology 
Field, Biogeography
Field, Phytogeography
Field, Climatology / Paleoclimatology / Palaeogeography
Field, Coastal geography / Oceanography
Field, Edaphology / Pedology or Soil science
Field, Geobiology
Field, Geology
Focus, Geomorphology
Focus, Mineralogy
Focus, Petrology
Focus, Sedimentology
Focus, Speleology
Focus, Tectonics
Focus, Volcanology
Field, Geostatistics
Field, Glaciology
Field, Hydrology / Limnology / Hydrogeology
Field, Landscape ecology
Field, Quaternary science
Subject, Geophysics 
Subject, Paleontology
Field, Paleobiology
Field, Paleoecology
Branch, Space sciences
Subject, Astrobiology
Subject, Astronomy 
Field, Observational astronomy
Focus, Gamma ray astronomy
Focus, Infrared astronomy
Focus, Microwave astronomy
Focus, Optical astronomy
Focus, Radio astronomy
Focus, UV astronomy
Focus, X-ray astronomy
Subject, Astrophysics
Field, Gravitational astronomy
Focus, Black holes
Subject, Interstellar medium
Subject, Numerical simulations
Field, Astrophysical plasma
Field, Galaxy formation and evolution
Field, High-energy astrophysics
Field, Hydrodynamics
Field, Magnetohydrodynamics
Field, Star formation
Subject, Physical cosmology
Subject, Stellar astrophysics
Field, Helioseismology
Field, Stellar evolution
Field, Stellar nucleosynthesis
Subject, Planetary science
Branch, Physics
Subject, Acoustics
Subject, Aerodynamics
Subject, Applied physics
Subject, Astrophysics
Subject, Atomic/molecular/and optical physics
Subject, Biophysics 
Subject, Computational physics
Subject, Condensed matter physics
Subject, Cryogenics
Subject, Electricity
Subject, Electromagnetism
Subject, Elementary particle physics
Subject, Experimental physics
Subject, Fluid dynamics
Subject, Geophysics 
Subject, Mathematical physics
Subject, Mechanics
Subject, Medical physics
Subject, Molecular physics
Subject, Newtonian dynamics
Subject, Nuclear physics
Subject, Optics
Subject, Plasma physics
Subject, Quantum physics
Subject, Solid mechanics
Subject, Solid state physics
Subject, Statistical mechanics
Subject, Theoretical physics
Subject, Thermal physics
Subject, Thermodynamics
Discipline, Formal Sciences
Branch, Computer Science
Subject, Logic in computer science
Field, Formal methods (Formal verification)
Field, Logic programming
Field, Multi-valued logic
Focus, Fuzzy logic
Field, Programming language semantics
Field, Type theory
Subject, Algorithms
Field, Computational geometry
Field, Distributed algorithms
Field, Parallel algorithms
Field, Randomized algorithms
Subject, Artificial intelligence 
Field, Cognitive science
Focus, Automated reasoning
Focus, Computer vision 
Focus, Machine learning
Focus, Artificial neural network
Focus, Support vector machine
Focus, Natural language processing (Computational linguistics)
Field, Expert systems
Field, Robotics 
Subject, Data structures
Subject, Computer architecture
Subject, Computer graphics
Field, Image processing
Field, Scientific visualization
Subject, Computer communications (networks)
Field, Cloud computing
Field, Information theory
Field, Internet/World Wide Web
Field, Ubiquitous computing
Field, Wireless computing (Mobile computing)
Subject, Computer security and reliability
Field, Cryptography
Field, Fault-tolerant computing
Subject, Computing in mathematics/natural sciences/engineering/and medicine
Field, Algebraic (symbolic) computation
Field, Computational biology (bioinformatics)
Field, Computational chemistry
Field, Computational mathematics
Field, Computational neuroscience
Field, Computational number theory
Field, Computational physics
Field, Computer-aided engineering
Focus, Computational fluid dynamics
Focus, Finite element analysis
Field, Numerical analysis
Field, Scientific computing (Computational science)
Subject, Computing in social sciences/arts/humanities/professions
Field, Community informatics
Field, Computational economics
Field, Computational finance
Field, Computational sociology
Field, Digital humanities (Humanities computing)
Field, History of computer hardware
Field, History of computer science 
Field, Humanistic informatics
Field, Database 
Focus, Distributed database
Focus, Object database
Focus, Relational database
Field, Data management
Field, Data mining
Field, Information architecture
Field, Information management
Field, Information retrieval
Field, Knowledge management
Field, Multimedia/hypermedia
Focus, Sound and music computing
Subject, Distributed computing
Field, Grid computing
Subject, Human-computer interaction
Subject, Operating systems
Subject, Parallel computing
Field, High-performance computing
Subject, Programming languages
Field, Compilers
Field, Programming paradigms
Focus, Concurrent programming
Focus, Functional programming
Focus, Imperative programming
Focus, Logic programming
Focus, Object-oriented programming
Field, Program semantics
Field, Type theory
Subject, Quantum computing
Subject, Software engineering
Field, Formal methods (Formal verification)
Subject, Theory of computation
Field, Automata theory (Formal languages)
Field, Computability theory
Field, Computational complexity theory
Field, Concurrency theory
Subject, VLSI design
Branch, Mathematics
Branch, Pure mathematics
Subject, Mathematical logic
Field, Intuitionistic logic
Field, Modal logic
Field, Model theory
Field, Proof theory
Field, Recursion theory
Field, Set theory
Subject, Algebra 
Field, Associative algebra
Field, Category theory
Focus, Topos theory
Field, Differential algebra
Field, Field theory
Field, Group theory
Focus, Group representation
Field, Homological algebra
Field, K-theory
Field, Lattice theory (Order theory)
Field, Lie algebra
Field, Linear algebra (Vector space)
Field, Multilinear algebra
Field, Non-associative algebra
Field, Representation theory
Field, Ring theory
Focus, Commutative algebra
Focus, Noncommutative algebra
Field, Universal algebra
Subject, Analysis
Field, Complex analysis
Field, Functional analysis
Focus, Operator theory
Field, Harmonic analysis
Focus, Fourier analysis
Field, Non-standard analysis
Field, Ordinary differential equations
Field, p-adic analysis
Field, Partial differential equations
Field, Real analysis
Focus, Calculus 
Subject, Probability theory
Field, Ergodic theory
Field, Measure theory
Focus, Integral geometry
Field, Stochastic process
Subject, Geometry  and Topology
Field, Affine geometry
Field, Algebraic geometry
Field, Algebraic topology
Field, Convex geometry
Field, Differential topology
Field, Discrete geometry
Field, Finite geometry
Field, Galois geometry
Field, General topology
Field, Geometric topology
Field, Integral geometry
Field, Noncommutative geometry
Field, Non-Euclidean geometry
Field, Projective geometry
Subject, Number theory
Field, Algebraic number theory
Field, Analytic number theory
Field, Arithmetic combinatorics
Field, Geometric number theory
Branch, Applied mathematics
Subject, Approximation theory
Subject, Combinatorics 
Field, Coding theory
Subject, Cryptography
Subject, Dynamical systems
Field, Chaos theory
Field, Fractal geometry
Subject, Game theory
Subject, Graph theory
Subject, Information theory
Subject, Mathematical physics
Field, Quantum field theory
Field, Quantum gravity
Focus, String theory
Field, Quantum mechanics
Field, Statistical mechanics
Subject, Numerical analysis
Subject, Operations research
Field, Assignment problem
Field, Decision analysis
Field, Dynamic programming
Field, Inventory theory
Field, Linear programming
Field, Mathematical optimization
Field, Optimal maintenance
Field, Real options analysis
Field, Scheduling
Field, Stochastic processes
Field, Systems analysis
Subject, Statistics 
Field, Actuarial science
Field, Demography
Field, Econometrics
Field, Mathematical statistics
Field, Data visualization
Subject, Theory of computation
Field, Computational complexity theory
Branch, Statistics
Subject, Astrostatistics
Subject, Biostatistics
Discipline, Applied Sciences
Branch, Business
Subject, Accounting
Subject, Business management
Subject, Finance
Subject, Marketing
Subject, Operations management
Branch, Engineering and technology
Branch, Chemical Engineering
Subject, Bioengineering
Field, Biochemical engineering
Field, Biomolecular engineering
Subject, Catalysis
Subject, Materials engineering
Subject, Molecular engineering
Subject, Nanotechnology
Subject, Polymer engineering
Subject, Process design
Field, Petroleum engineering
Field, Nuclear engineering
Field, Food engineering
Subject, Process engineering
Subject, Reaction engineering
Subject, Thermodynamics
Subject, Transport phenomena
Branch, Civil Engineering
Subject, Coastal engineering
Subject, Earthquake engineering
Subject, Ecological engineering
Subject, Environmental engineering
Subject, Geotechnical engineering
Field, Engineering geology
Subject, Hydraulic engineering
Subject, Mining engineering
Subject, Transportation engineering
Field, Highway engineering
Subject, Structural engineering
Field, Architectural engineering
Subject, Structural mechanics
Subject, Surveying
Branch, Educational Technology
Subject, Instructional design
Field, Distance education
Field, Instructional simulation
Subject, Human performance technology
Subject, Knowledge management
Branch, Electrical Engineering
Subject, Applied physics
Subject, Computer engineering 
Subject, Computer science
Subject, Control systems engineering
Field, Control theory
Subject, Electronic engineering
Field, Instrumentation engineering
Subject, Engineering physics
Field, Photonics
Subject, Information theory
Subject, Mechatronics
Subject, Power engineering
Subject, Quantum computing
Subject, Robotics 
Subject, Semiconductors
Subject, Telecommunications engineering
Branch, Materials Science and Engineering
Subject, Biomaterials
Subject, Ceramic engineering
Subject, Crystallography
Subject, Nanomaterials
Subject, Photonics
Subject, Physical Metallurgy
Subject, Polymer engineering
Subject, Polymer science
Subject, Semiconductors
Branch, Mechanical Engineering
Subject, Aerospace engineering
Field, Aeronautics
Field, Astronautics
Subject, Acoustical engineering
Subject, Automotive engineering
Subject, Biomedical engineering
Field, Biomechanical engineering
Field, Neural engineering
Subject, Continuum mechanics
Subject, Fluid mechanics
Subject, Heat transfer
Subject, Industrial engineering
Subject, Manufacturing engineering
Subject, Marine engineering
Subject, Mass transfer
Subject, Mechatronics
Subject, Nanoengineering
Subject, Ocean engineering
Subject, Optical engineering
Subject, Robotics
Subject, Thermodynamics
Branch, Systems science
Subject, Chaos theory
Subject, Complex systems
Subject, Conceptual systems
Subject, Control theory
Field, Affect control theory
Field, Control engineering
Field, Control systems
Field, Dynamical systems
Field, Perceptual control theory
Subject, Cybernetics
Field, Biocybernetics
Field, Engineering cybernetics
Field, Management cybernetics
Field, Medical cybernetics
Field, New Cybernetics
Field, Second-order cybernetics
Field, Sociocybernetics
Subject, Network science
Subject, Operations research
Subject, Systems biology
Field, Computational systems biology
Field, Synthetic biology
Field, Systems immunology
Field, Systems neuroscience
Subject, System dynamics
Field, Social dynamics
Subject, Systems ecology
Field, Ecosystem ecology
Subject, Systems engineering
Field, Biological systems engineering
Field, Earth systems engineering and management
Field, Enterprise systems engineering
Field, Systems analysis
Subject, Systems psychology
Field, Ergonomics
Field, Family systems theory
Field, Systemic therapy
Subject, Systems theory
Field, Biochemical systems theory
Field, Ecological systems theory
Field, Developmental systems theory
Field, General systems theory
Field, Living systems theory
Field, LTI system theory
Field, Mathematical system theory
Field, Sociotechnical systems theory
Field, World-systems theory
Subject, Systems theory in anthropology
Branch, Medicine and health
Subject, Alternative medicine
Subject, Audiology
Subject, Clinical laboratory sciences
Subject, Clinical pathology
Subject, Laboratory medicine
Field, Clinical biochemistry
Field, Cytogenetics
Field, Cytohematology
Field, Cytology 
Field, Haemostasiology
Field, Histology
Field, Clinical immunology
Field, Clinical microbiology
Field, Molecular genetics
Field, Parasitology
Subject, Clinical physiology
Subject, Dentistry 
Field, Dental hygiene and epidemiology
Field, Dental surgery
Field, Endodontics
Field, Implantology
Field, Oral and maxillofacial surgery
Field, Orthodontics
Field, Periodontics
Field, Prosthodontics
Subject, Dermatology
Subject, Emergency medicine 
Subject, Epidemiology
Subject, Geriatrics
Subject, Gynaecology
Subject, Health informatics/Clinical informatics
Subject, Hematology
Subject, Infectious disease
Subject, Intensive care medicine
Subject, Internal medicine
Field, Cardiology
Focus, Cardiac electrophysiology
Field, Endocrinology
Field, Gastroenterology
Field, Hepatology
Field, Nephrology
Field, Neurology
Field, Oncology
Field, Pulmonology
Field, Rheumatology
Subject, Medical toxicology
Subject, Music therapy
Subject, Nursing
Subject, Nutrition  and dietetics
Subject, Obstetrics 
Subject, Occupational hygiene
Subject, Occupational therapy
Subject, Occupational toxicology
Subject, Ophthalmology
Field, Neuro-ophthalmology
Subject, Optometry
Subject, Otolaryngology
Subject, Pathology
Subject, Pediatrics
Subject, Pharmaceutical sciences
Field, Pharmacy
Subject, Physical fitness
Field, Group Fitness / aerobics
Field, Kinesiology / Exercise science / Human performance
Field, Personal fitness training
Subject, Physical therapy
Subject, Physiotherapy
Subject, Podiatry
Subject, Preventive medicine
Subject, Primary care
Field, General practice
Subject, Psychiatry 
Field, Forensic psychiatry
Subject, Psychology 
Subject, Public health
Subject, Radiology
Subject, Recreational therapy
Subject, Rehabilitation medicine
Subject, Respiratory therapy
Subject, Sleep medicine
Subject, Speech-language pathology
Subject, Sports medicine
Subject, Surgery
Field, Bariatric surgery
Field, Cardiothoracic surgery
Field, Neurosurgery
Field, Orthoptics
Field, Orthopedic surgery
Field, Plastic surgery
Field, Trauma surgery
Field, Traumatology
Subject, Traditional medicine
Subject, Urology
Field, Andrology
Subject, Veterinary medicine
